{
  "FSR" : 1.0250000000000001e-08,
  "IL" : 20.399999999999999,
  "Lc" : 0.0,
  "Q" : 12500.0,
  "coupler_lambda_max" : 1.5999999999999999e-06,
  "coupler_lambda_min" : 1.5e-06,
  "couplercoeff" : 
  {
    "_complex" : false,
    "_data" : [ -0.77932148517094879, 0.0, 615751.68715328642, 0.0 ],
    "_size" : [ 2, 2 ],
    "_type" : "matrix"
  },
  "dneff_dT" : 0.00018799999999999999,
  "electrical_bandwidth_data" : 
  {
    "_complex" : false,
    "_data" : 
    [
      0.0,
      -1.0,
      -2.0,
      -3.0,
      5000000000.0,
      5500000000.0,
      6000000000.0,
      6000000000.0
    ],
    "_size" : [ 4, 2 ],
    "_type" : "matrix"
  },
  "hangover_length" : 1.0000000000000001e-05,
  "high_loss_waveguide_fill_factor" : 1.0,
  "junction_fill_factor" : 0.94999999999999996,
  "loss_all" : 
  {
    "_complex" : false,
    "_data" : [ 482.28494831963843, 801.82282838056142, 200.0 ],
    "_size" : [ 1, 3 ],
    "_type" : "matrix"
  },
  "mod_eff" : 1.2000000000000001e-11,
  "mod_eff_thermal" : 1.2500000000000001e-10,
  "mod_eff_thermal_voltage1" : 0.0,
  "mod_eff_thermal_voltage2" : 3.0,
  "mod_eff_voltage1" : 0.0,
  "mod_eff_voltage2" : -2.0,
  "neff_all" : 
  {
    "_complex" : false,
    "_data" : [ 2.549625104379639, 2.5493891032497369, 2.5461658842250041 ],
    "_size" : [ 1, 3 ],
    "_type" : "matrix"
  },
  "ng_all" : 
  {
    "_complex" : false,
    "_data" : [ 3.722999271081771, 3.7228197056906369, 3.728345245680571 ],
    "_size" : [ 1, 3 ],
    "_type" : "matrix"
  },
  "phase_shifter_data" : 
  {
    "_complex" : false,
    "_data" : 
    [
      0.0,
      -1.0,
      -2.0,
      -3.0,
      -4.0,
      -5.0,
      -6.0,
      -7.0,
      -8.0,
      -9.0,
      -10.0,
      0.0,
      3.5254392997341455e-05,
      6.1280930208518214e-05,
      8.2533391050798599e-05,
      0.00010054812635962307,
      0.00011626556552313261,
      0.00013015464093779627,
      0.00014260846269431582,
      0.00015387840200764558,
      0.00016413194247810736,
      0.0001735369495183825,
      0.0,
      -1.5253708904356967e-06,
      -2.6642055298923999e-06,
      -3.5954748218297939e-06,
      -4.3839996445370984e-06,
      -5.0699963256094595e-06,
      -5.6722285882637547e-06,
      -6.2088833139598237e-06,
      -6.6905186011890634e-06,
      -7.1232592170535255e-06,
      -7.5130980250868192e-06
    ],
    "_size" : [ 11, 3 ],
    "_type" : "matrix"
  },
  "radius" : 1.0000000000000001e-05,
  "resonant_wavelength" : 1.55e-06,
  "temperature_data" : 300.0,
  "thermal_bandwidth_data" : 100000.0,
  "thermal_fill_factor" : 1.0,
  "thermal_tuner_data" : 
  {
    "_complex" : false,
    "_data" : 
    [
      0.0,
      1.0,
      2.0,
      3.0,
      0.0,
      0.0001,
      0.00040000000000000002,
      0.00089999999999999998,
      0.0,
      0.0,
      0.0,
      0.0
    ],
    "_size" : [ 4, 3 ],
    "_type" : "matrix"
  },
  "wavelength_data" : 1.55e-06
}
